subject,one,two,three,four,five
rain,cloud,storm,weather,clouds,wet
cloud,sky,rain,white,storm,air
time,space,place,clock,night,watch
year,month,next,leap,decade,new
people,person,group,village,others,crowd
way,no,hall,wrong,path,door
day,night,week,morning,valentine,pay
man,woman,guy,boy,lady,old
thing,object,it,sure,product,some
woman,man,girl,lady,pretty,female
life,death,full,live,enjoy,love
child,kid,baby,bastard,adult,boy
world,earth,the,universe,disney,around
school,education,class,college,grade,high
state,nation,government,city,condition,politics
family,friends,cousin,home,relative,kin
student,teacher,pupil,school,college,learner
group,club,team,band,people,bunch
country,nation,america,state,city,usa
problem,trouble,solution,solve,math,issue
hand,finger,arm,glove,fist,foot
part,piece,body,portion,fraction,half
place,spot,person,location,put,site
case,pillow,basket,head,nut,show
week,day,days,month,weak,next
company,bad,electric,two,firm,three
system,solar,metric,justice,design,judicial
program,programme,computer,tv,zoo,television
question,answer,?,what,ask,why
work,school,job,business,office,labor
government,state,federal,politics,corrupt,tax
number,lucky,#,phone,one,digit
night,day,dark,sleep,evening,black
point,dot,finger,sharp,decimal,exclamation
home,house,stay,place,welcome,away
water,rain,drink,fire,well,wet
room,bed,hall,class,living,locker
mother,father,pregnant,fucker,nature,earth
area,zone,place,region,space,bay
money,pay,bank,cash,wealth,dollar
story,tell,tale,toy,plot,book
fact,fiction,true,matter,truth,know
month,year,week,period,day,january
lot,parking,vacant,park,lots,much
right,wrong,left,correct,turn,now
study,learn,case,school,student,bible
book,story,read,page,novel,library
eye,ear,i,blink,see,private
job,blow,work,hand,quit,good
word,letter,spoken,spelling,bad,sentence
business,company,monkey,suit,meeting,show
issue,problem,swimsuit,frame,concern,tissue
side,out,in,back,up,country
kind,nice,type,cruel,man,gentle
head,hat,dick,tail,neck,hair
house,home,brick,tree,fun,school
service,room,provider,lip,postal,customer
friend,girl,enemy,pal,boy,best
father,mother,dad,son,strict,god
power,control,flower,force,strength,will
hour,minute,time,rush,happy,day
game,play,ball,fun,name,board
line,point,straight,finish,row,clothes
end,the,death,beginning,rear,finish
member,club,gang,crew,penis,gym
law,court,lawyer,order,judge,legal
car,drive,train,engine,truck,vehicle
city,town,street,country,village,sex
community,people,society,chance,neighborhood,village
name,brand,jack,title,nick,jim
president,bush,leader,vice,clinton,class
team,football,swat,player,crew,group
minute,hour,second,time,small,tiny
idea,thought,think,theory,opinion,concept
kid,child,baby,adult,boy,karate
body,head,mind,soul,some,anatomy
information,knowledge,know,data,knowing,facts
back,front,rear,forward,yard,cape
parent,single,child,trap,proud,mom
face,hair,eyes,eye,poker,slap
others,them,unto,blame,the,other
level,ground,lower,grade,even,low
office,post,work,desk,box,cubicle
door,open,knob,window,lock,knock
health,disease,sickness,fitness,mental,system
person,people,individual,character,persons,self
art,painting,craft,gallery,thou,paint
war,peace,battle,iraq,fight,vietnam
history,ancient,cycle,past,experience,pattern
party,birthday,fun,house,surprise,celebration
result,outcome,consequence,exam,end,x-ray
change,evolution,hope,diaper,shift,climate
morning,evening,day,dawn,afternoon,night
reason,rhyme,logic,excuse,no,because
research,science,school,scientist,scientific,study
girl,boy,guy,pink,woman,pretty
guy,dude,girl,man,fellow,handsome
food,eat,tasty,yum,chinese,hungry
moment,awkward,now,fleeting,kodak,climactic
air,wind,blow,gas,breath,plane
teacher,student,school,professor,class,principal
map,atlas,road,world,quest,chart
two,one,three,number,four,five
computer,robot,machine,screen,keyboard,system
meat,raw,steak,eat,flesh,bone
thanks,please,give,no,giving,welcome
music,pop,song,sound,country,band
reading,writing,book,books,literature,glasses
method,way,system,scientific,science,process
data,learn,information,learning,fact,entry
understanding,knowledge,wisdom,wise,knowing,insight
theory,chaos,string,practice,conspiracy,bang
bird,fly,feather,duck,free,song
literature,art,arts,lit,english,book
software,hardware,program,computer,ware,microsoft
control,remote,birth,power,pest,gun
knowledge,know,information,wisdom,understanding,learning
ability,skill,able,extraordinary,capacity,talent
economics,participatory,anthropology,freak,economy,pirate
love,hate,heart,sex,romance,like
internet,computer,web,website,net,network
television,tv,show,screen,channel,program
science,physics,fiction,biology,weird,math
library,book,books,quiet,shelf,shelves
nature,environment,freak,nurture,human,wicca
product,dairy,brand,gross,waste,quality
temperature,fever,degree,thermometer,hot,room
investment,money,capital,profit,invest,savings
society,culture,community,people,high,civilization
activity,paranormal,sexual,leisure,physical,group
industry,factory,porn,service,business,film
media,news,press,social,print,bias
oven,stove,bake,bun,microwave,dutch
definition,meaning,dictionary,define,word,mean
safety,security,pin,safe,protection,danger
quality,quantity,street,air,expensive,star
development,arrest,growth,character,urban,research
language,english,word,sign,words,speech
management,anger,waste,time,risk,event
player,team,cd,dvd,record,game
variety,garden,various,assortment,verity,diversity
video,game,nintendo,audio,porn,games
security,safety,guard,system,homeland,blanket
exam,test,final,physical,oral,quiz
movie,film,scary,cinema,theater,horror
organization,company,club,committee,association,agency
equipment,gear,set,playground,package,gym
physics,science,chemistry,quantum,biology,nuclear
analysis,psycho,data,analyst,system,anal
policy,insurance,honesty,company,government,return
series,volume,episode,volumes,television,tv
thought,idea,philosophy,think,food,psychology
basis,foundation,base,case,fundamental,origin
boyfriend,girlfriend,ex,friend,love,lover
direction,way,compass,wrong,up,change
strategy,chess,plan,tactics,tactic,exit
technology,computer,tech,science,electronic,information
army,military,soldier,navy,tank,troops
camera,film,lights,photo,lens,flash
freedom,liberty,free,america,independence,anarchism
paper,pen,news,tissue,toilet,sheet
environment,nature,green,surroundings,natural,surrounding
instance,example,isolated,moment,now,situation
truth,lie,lies,naked,fact,dare
marketing,department,product,advertising,brand,ad
university,college,state,school,professor,student
writing,reading,paper,letter,words,pen
article,essay,the,newspaper,magazine,item
department,store,fire,police,stores,drama
difference,sum,same,spot,change,similarity
goal,score,plan,success,project,target
news,newspaper,world,paper,fox,bad
audience,clap,crowd,applause,live,show
fishing,rod,reel,fish,gone,net
growth,development,spurt,grow,garden,hair
income,tax,taxes,gross,come,outcome
marriage,wedding,divorce,love,ring,wife
user,operator,drug,friendly,computer,consumer
combination,safe,lock,locker,padlock,combo
failure,success,system,loser,fail,kidney
meaning,definition,life,purpose,words,word
medicine,drugs,prescription,doctor,pill,drug
philosophy,lounge,elsewhere,descartes,aristotle,science
communication,verbal,language,oral,anthropology,phone
chemistry,physics,science,biology,element,chemical
disease,cancer,virus,aids,cure,plague
disk,floppy,computer,cd,dvd,jockey
energy,electricity,electric,fuel,nuclear,power
nation,country,state,damn,alien,people
road,street,rail,highway,lane,way
role,play,part,roll,character,lead
soup,chicken,stew,broth,bowl,vegetable
advertising,commercial,ad,jingle,spam,false
location,place,site,where,spot,address
success,failure,achieve,achievement,dress,victory
addition,subtraction,sum,plus,add,sums
apartment,house,home,flat,building,hut
education,school,physical,college,ed,sex
math,science,geometry,problem,numbers,algebra
painting,art,portrait,picture,artist,canvas
politics,government,congress,world,office,democrat
attention,pay,focus,center,centre,span
decision,choice,decide,executive,verdict,rash
event,phenomenon,happen,happens,happened,sports
property,estate,owner,own,land,ownership
shopping,cart,list,mall,bag,spree
wood,stick,board,log,fire,wooden
competition,race,contest,rival,conflict,game
distribution,economics,wealth,money,economy,normal
entertainment,amusement,fun,tv,adult,show
population,people,aging,china,world,populace
unit,family,storage,burn,g,moon
category,type,group,list,sort,portal
cigarette,smoke,fag,butt,cigar,lighter
context,content,syntax,text,background,surround
introduction,foreword,preface,conclusion,prelude,prologue
opportunity,chance,photo,window,op,equal
performance,show,live,stage,solo,act
driver,screw,truck,license,bus,car
flight,fight,solo,bird,airplane,plane
length,width,long,measure,distance,wave
magazine,people,life,vogue,porn,playboy
newspaper,news,times,article,press,paper
relationship,romance,love,dating,romantic,single
teaching,learning,school,education,teacher,lessons
cell,phone,prison,jail,stem,sickle
dealer,drug,drugs,pusher,deal,card
finding,seeking,searching,looking,hunting,discovery
lake,pond,swan,river,water,stream
message,text,email,send,bottle,error
phone,call,cell,ring,dial,mobile
scene,crime,act,view,nativity,movie
appearance,looks,outward,look,face,visage
association,word,words,free,rifle,connection
concept,idea,notion,abstract,thought,theory
customer,service,client,consumer,john,patron
death,life,birth,kill,die,suicide
discussion,debate,forum,panel,discuss,argument
housing,house,development,affordable,estate,apartment
inflation,price,prices,economy,money,rate
insurance,health,claim,life,car,healthcare
mood,food,good,blue,bad,feeling
advice,heed,give,tips,guide,tip
blood,red,vampire,bleed,period,vein
effort,try,team,trying,exertion,work
expression,face,facial,speech,art,blank
importance,crucial,important,critical,paramount,significance
opinion,poll,voice,column,considered,fact
payment,down,bill,mortgage,pay,due
reality,virtual,real,fantasy,dream,really
responsibility,duty,power,adult,escape,blame
situation,sticky,circumstances,stable,difficult,sad
skill,practice,talent,ability,training,craft
statement,fashion,blanket,bank,false,true
wealth,money,poverty,riches,health,rich
application,job,form,resume,apply,app
county,line,country,fair,orange,state
depth,deep,perception,width,breadth,height
estate,real,property,mansion,manor,house
foundation,base,house,structure,makeup,building
grandmother,grandfather,grandma,granny,gran,great
heart,love,broken,home,valentine,pump
perspective,view,outlook,angle,viewpoint,vortex
photo,camera,picture,frame,snapshot,image
recipe,cook,cooking,ingredients,cookbook,receipt
studio,photo,actor,study,dance,recording
topic,subject,hot,off,about,category
collection,cd,stamp,group,data,eclectic
depression,sad,sadness,zoloft,anxiety,despair
imagination,vivid,fantasy,dream,pretend,imagine
passion,lust,love,desire,sex,red
percentage,solution,fraction,percent,rate,%
resource,source,asset,starch,management,waste
setting,rising,place,table,set,romantic
ad,commercial,bc,personal,billboard,add
agency,government,detective,agent,travel,cia
college,school,university,education,professor,degree
connection,link,wireless,internet,french,network
criticism,critic,constructive,feedback,review,critical
debt,owe,loan,pay,payment,credit
description,job,detail,details,describe,adjective
memory,remember,elephant,forget,photographic,ram
patience,virtue,wait,job,waiting,patient
secretary,assistant,clerk,office,president,legal
solution,problem,answer,solve,saline,find
administration,bush,admin,clinton,nasa,government
aspect,factor,certain,feature,element,part
attitude,bad,gratitude,positive,behavior,negative
director,actor,producer,film,actress,movie
personality,person,character,individual,traits,split
psychology,freud,philosophy,biology,behavior,sociology
recommendation,letter,recommend,advice,commendation,bawling
response,reply,answer,reaction,stimulus,respond
selection,choice,natural,jury,random,variety
storage,warehouse,store,box,shelf,shed
version,edition,james,cover,build,revision
alcohol,beer,drink,bar,drunk,vodka
argument,debate,dispute,quarrel,fight,row
complaint,complain,noise,beef,compliant,customer
contract,agreement,clause,expand,binding,deal
emphasis,stress,highlight,really,accent,point
highway,road,freeway,way,lane,route
loss,weight,gain,hair,profit,memory
membership,gym,club,exclusive,member,renew
possession,property,ownership,own,exorcism,personal
preparation,prep,food,prepare,h,sous
steak,meat,beef,rare,shake,grill
union,soviet,state,labor,strike,europe
agreement,contract,yes,disagreement,deal,mutual
cancer,lung,disease,lungs,breast,cure
currency,paper,money,foreign,dollar,euro
employment,job,work,jobs,labor,stress
engineering,mechanics,civil,electrical,mechanical,science
entry,enter,exit,data,entrance,rear
interaction,social,conversation,dynamics,intercourse,chemistry
mixture,potion,solution,mix,cake,cough
preference,prefer,gender,sexual,favorite,personal
region,pubic,area,zone,country,state
republic,banana,democracy,texas,dominican,democratic
tradition,custom,jewish,ritual,culture,oral
virus,flu,computer,bug,disease,deadly
actor,actress,director,act,broderick,movie
classroom,school,class,teacher,room,desk
delivery,pizza,special,express,van,deliver
device,electronic,flotation,cellular,machine,explosive
difficulty,challenge,problem,difficult,ease,hardship
drama,epic,queen,comedy,sitcom,play
election,vote,president,presidential,erection,voting
engine,jet,steam,motor,fire,search
football,soccer,baseball,sport,rugby,basketball
guidance,spiritual,parental,counselor,guide,advice
hotel,motel,inn,room,suite,hilton
owner,property,land,slave,own,proud
priority,important,importance,first,prior,foremost
protection,condom,witness,helmet,condoms,shield
suggestion,suggest,advice,hint,idea,implication
tension,surface,sexual,stress,hyper,hypertension
variation,difference,enigma,variable,aberration,change
anxiety,fear,depression,depressed,clap,upset
atmosphere,air,sky,sphere,ozone,clouds
awareness,consciousness,self,aware,ness,raise
bath,tub,shower,bubbles,bubble,robe
bread,sandwich,toast,flour,loaf,dough
candidate,presidential,kerry,vote,politician,president
climate,weather,dry,hot,warm,clime
comparison,simile,metaphor,analog,pale,than
confusion,state,huh,confused,what,chaos
construction,building,site,builder,destruction,worker
elevator,lift,escalator,stairs,shaft,elevate
emotion,feeling,feel,love,feelings,sad
employee,worker,boss,employer,manager,staff
employer,employee,boss,employ,employed,job
guest,host,visitor,house,visit,dinner
height,weight,tall,stature,width,length
leadership,leader,ship,guidance,ruler,lead
mall,shopping,shop,center,strip,store
manager,boss,executive,assistant,account,manger
operation,surgery,surgeon,surgical,sting,hospital
recording,studio,tape,studios,record,video
sample,stool,blood,urine,example,free
transportation,vehicle,train,car,bus,truck
charity,donation,donate,give,sister,hope
cousin,it,relative,uncle,aunt,niece
disaster,earthquake,tsunami,catastrophe,flood,beautiful
editor,publisher,edit,ed,copy,newspaper
efficiency,cost,efficient,german,loft,deficiency
excitement,glee,fun,elation,excited,adventure
extent,to,degree,extant,fullest,long
feedback,positive,negative,response,comments,back
guitar,bass,string,band,music,instrument
homework,school,study,work,studies,assignment
leader,follow,chief,cheer,president,follower
mom,dad,family,love,your,parents
outcome,out,result,come,income,results
permission,ask,consent,permit,let,allowed
presentation,feature,present,oral,show,speech
promotion,raise,demotion,premonition,job,ad
reflection,mirror,mirrors,refraction,echo,image
refrigerator,fridge,freezer,raid,magnet,kitchen
resolution,conflict,solution,resolve,problem,climax
revenue,tax,internal,income,irs,gross
session,jam,bout,group,therapy,court
singer,song,pink,madonna,opera,band
tennis,racket,table,court,ball,balls
basket,ball,laundry,fruit,picnic,wicker
bonus,extra,reward,plus,points,benefit
cabinet,file,medicine,liquor,cupboard,china
childhood,child,adulthood,parenthood,children,childish
church,pew,sunday,choir,catholic,priest
clothes,wear,laundry,closet,cloth,wash
coffee,tea,cup,mug,cream,cafe
dinner,lunch,supper,plate,meal,eat
drawing,line,lines,painting,sketch,art
hair,head,face,brush,wig,pubic
hearing,deaf,listening,ears,aid,ear
initiative,dharma,drive,enterprise,evil,finance
judgment,verdict,judge,evaluation,lapse,snap
lab,science,experiment,scientist,chemistry,meth
measurement,unit,ruler,length,size,measure
mode,mean,median,style,party,attack
mud,dirt,dirty,muck,puddle,stick
orange,juice,red,water,drink,apple
poetry,rhyme,poem,prose,verse,poet
police,cop,cops,officer,arrest,detective
possibility,maybe,chance,if,possible,possibly
procedure,surgical,process,surgery,method,protocol
queen,king,lady,princess,drama,royal
ratio,rate,fellatio,fraction,percent,aspect
relation,relative,relationship,poor,ship,cousin
restaurant,diner,hooters,menu,cafe,waiter
satisfaction,pleasure,customer,job,gratification,sex
sector,vector,zone,private,section,service
signature,sign,autograph,forged,contract,x
significance,meaning,importance,important,means,angry
song,sing,tune,music,singer,lyrics
tooth,sweet,teeth,paste,ache,brush
town,city,around,down,village,about
vehicle,car,motor,automobile,truck,van
volume,tome,area,loud,decibel,mass
wife,husband,spouse,trophy,ex,woman
accident,crash,mistake,oops,wreck,car
airport,terminal,airplane,port,plane,aeroplane
appointment,schedule,dentist,date,meeting,therapy
arrival,late,destination,departure,arrive,dead
assumption,assume,false,cathedral,hypothesis,prediction
baseball,football,bat,field,pitch,ball
chapter,page,verse,book,episode,title
committee,group,meeting,member,board,council
conversation,talk,dialogue,converse,phone,chat
database,base,dialogue,data,access,computer
enthusiasm,zest,curb,zeal,fervor,energy
error,mistake,wrong,trial,err,spelling
explanation,reason,definition,explain,description,theory
farmer,farm,tractor,pitchfork,dell,field
gate,fence,keeper,tail,golden,garden
hall,study,town,dance,mess,concert
historian,herodotus,history,annalist,philosopher,art
hospital,doctor,ward,nurse,wards,clinic
injury,wound,pain,hurt,ouch,bruise
instruction,manual,direction,training,destruction,follow
maintenance,vehicle,upkeep,high,routine,car
manufacturer,factory,maker,product,automobile,producer
meal,plate,cook,restaurant,feast,dinner
perception,depth,extrasensory,sense,door,doors
pie,apple,cream,cherry,piece,cake
poem,rhyme,verse,poet,sonnet,write
presence,frightful,absence,stage,present,presents
proposal,marriage,indecent,proposition,preposition,ring
reception,wedding,inception,hotel,ceremony,party
replacement,hip,knee,dentures,substitute,denture
revolution,dance,evolution,industrial,french,rebellion
river,stream,nile,lake,creek,flow
son,daughter,father,bastard,sun,child
speech,freedom,speak,talk,free,words
tea,coffee,cup,drink,kettle,sugar
village,town,city,idiot,ville,hamlet
warning,alarm,danger,alert,caution,hazard
winner,loser,prize,champion,contest,lottery
worker,hire,employee,factory,cleaner,construction
writer,author,type,script,song,editor
assistance,help,aid,directory,assistant,helpful
breath,air,lungs,lung,breathe,dragon
buyer,seller,customer,owner,consumer,purchaser
chest,hairy,treasure,flat,breast,drawer
chocolate,cake,vanilla,pudding,cookies,cookie
conclusion,premise,therefore,ending,end,hypothesis
contribution,donation,retribution,contributor,generous,attrition
cookie,biscuit,fortune,dough,oreo,monster
courage,brave,bold,bravery,dare,pluck
dad,mom,mum,father,parent,da
desk,office,chair,computer,table,wood
drawer,sock,dresser,desk,chest,cabinet
establishment,anti,government,establish,restaurant,building
examination,test,physical,exam,result,pregnant
garbage,trash,rubbish,waste,dump,junk
grocery,store,list,bag,food,shop
honey,bee,sweet,money,bees,sugar
impression,lasting,expression,depression,artist,first
improvement,home,better,room,enhancement,self
independence,declaration,july,freedom,4th,declare
insect,bug,fly,stick,ant,spider
inspection,vehicle,inspect,quality,check,infection
inspector,gadget,detective,spy,gadgets,morse
king,queen,prince,ruler,kong,crown
ladder,step,climb,rung,up,chute
menu,restaurant,dinner,order,food,lunch
penalty,death,fine,foul,crime,punishment
piano,grand,organ,chord,keyboard,instrument
potato,chips,couch,chip,hot,tomato
profession,job,craft,work,trade,medical
professor,teacher,scientist,nutty,mad,lecturer
quantity,quality,amount,unknown,number,volume
reaction,chain,action,chemical,allergic,chemistry
requirement,need,required,prerequisite,necessary,necessity
salad,lettuce,fruit,dressing,potato,cucumber
sister,brother,sibling,cousin,family,daughter
supermarket,store,trolley,shop,market,grocery
tongue,lick,mouth,kiss,taste,lips
weakness,strength,from,power,weak,frailty
wedding,ring,marriage,rings,ceremony,white
affair,family,fling,love,current,sordid
ambition,blonde,goal,drive,success,blond
analyst,psychiatrist,system,psychologist,computer,programming
apple,pie,fruit,juice,orange,cider
assignment,homework,project,essay,task,due
assistant,helper,help,clerk,assist,aide
bathroom,toilet,restroom,potty,sink,stall
bedroom,room,closet,kitchen,bathroom,rooms
beer,wine,drink,alcohol,ale,vodka
birthday,cake,happy,card,party,suit
celebration,festival,party,birthday,champagne,parade
championship,tournament,champion,won,champ,superbowl
cheek,tongue,butt,kiss,ass,peck
client,customer,represent,john,patient,trick
consequence,result,truth,punishment,effect,action
departure,arrival,depart,flight,airport,leaving
diamond,ring,baseball,necklace,gem,ruby
dirt,mud,soil,ground,filth,earth
ear,hear,eye,lobe,pierce,wax
fortune,wheel,fame,luck,teller,soldier
friendship,friend,ship,love,friends,relationship
funeral,death,dead,die,wake,wedding
gene,pool,kiss,jean,simmons,recessive
girlfriend,love,boyfriend,friend,friends,lover
hat,cap,top,cat,straw,cowboy
indication,sign,clue,direction,indicate,mark
intention,cruel,will,purpose,intent,plan
lady,woman,bag,lord,pretty,gentleman
midnight,hour,noon,twelve,hours,12
negotiation,terms,agreement,negation,contract,talks
obligation,duty,contract,responsibility,work,should
passenger,driver,rider,bus,ride,airplane
pizza,yum,yummy,food,slice,hut
platform,heels,stage,station,shoes,train
poet,poem,writer,shakespeare,poe,rhyme
pollution,smog,air,noise,fumes,city
recognition,cognition,voice,face,award,pattern
reputation,smear,repute,rep,bad,rumor
shirt,clothes,clothing,pants,stain,blouse
sir,yes,mister,please,dear,knight
speaker,loud,talker,podium,speak,microphone
stranger,danger,strange,beautiful,unknown,candy
surgery,plastic,bypass,operation,scalpel,brain
sympathy,empathy,sorrow,compassion,tea,symphony
tale,story,fairy,tail,tattle,tell
throat,deep,sore,choke,cough,slit
trainer,sneaker,coach,shoe,personal,dog
uncle,aunt,cousin,sam,scrooge,bob
youth,fountain,young,teenager,age,child
film,movie,horror,cinema,director,reel
example,case,sample,model,stock,demonstrate
while,worth,during,smile,awhile,crocodile
form,shape,structure,art,life,fit
field,grass,track,corn,pasture,force
fish,shark,tuna,chips,fishing,net
process,thought,due,system,procedure,processor
heat,fever,warmth,hot,fire,sweat
experience,pleasant,erotic,life,wonderful,unpleasant
type,kind,keyboard,write,sort,blood
economy,market,global,ecology,economics,recession
value,worth,standard,property,virtue,face
market,stock,flea,store,trade,meat
guide,tv,girl,tour,hitchhiker,travel
interest,boredom,rate,person,loan,like
radio,tv,song,fm,music,television
course,golf,of,horse,crash,off
price,cost,pay,fee,tax,sale
size,volume,shape,plus,jumbo,bra
card,credit,debit,report,library,score
list,bucket,set,item,wish,items
mind,brain,brains,body,dirty,thought
trade,exchange,deal,swap,slave,barter
care,day,child,handle,health,share
risk,chance,danger,gamble,strategy,enter
fat,obese,butter,belly,thin,lard
force,life,police,gravity,rape,gale
key,lock,locked,lime,piano,skeleton
light,dark,bright,lamp,heavy,day
training,potty,toilet,strength,basic,train
top,bottom,on,hat,table,tank
amount,quantity,total,volume,gross,price
order,law,chaos,structure,world,command
practice,target,sharp,theory,choir,exercise
sense,dress,feel,6,smell,cents
piece,part,slice,chess,puzzle,bit
web,spider,site,internet,charlotte,net
boss,manager,chief,employer,leader,authority
sport,team,football,game,basketball,baseball
fun,play,game,sex,cool,games
page,book,chapter,blank,age,title
term,school,slang,jail,derogatory,prison
test,exam,quiz,experiment,check,study
answer,question,reply,wrong,ask,correct
sound,noise,music,silence,silent,squeak
focus,ford,attention,concentrate,car,concentration
matter,solid,mind,grey,fecal,motion
soil,dirt,ground,earth,dirty,land
board,chalk,game,surf,chess,skate
oil,olive,coal,grease,vinegar,rig
picture,frame,draw,photo,drawing,image
access,denied,deny,internet,restricted,excess
garden,eden,yard,hoe,vegetable,vegetables
range,open,mountain,rover,home,scope
rate,pace,exchange,x,crime,flat
future,present,past,hope,unknown,tomorrow
site,web,construction,building,place,porn
demand,supply,now,order,supplies,command
exercise,gym,fit,sweat,workout,jog
image,picture,mirror,photo,body,photograph
cause,effect,trouble,just,why,rebel
coast,east,west,ivory,guard,pacific
action,deed,affirmative,verb,camera,drama
age,birthday,teen,old,eon,era
bad,good,evil,naughty,rape,smell
boat,ship,row,sail,float,house
record,vinyl,track,tape,album,broken
section,part,produce,department,chapter,c
building,structure,construction,skyscraper,apartment,house
mouse,rat,house,cat,mickey,cheese
cash,money,pay,check,currency,johnny
class,struggle,school,phylum,classroom,boring
nothing,everything,all,something,do,none
period,era,.,tampon,pad,sentence
plan,goal,strategy,schedule,plot,scheme
store,shop,department,grocery,shopping,groceries
tax,income,fraud,property,levy,toll
subject,object,topic,predicate,test,science
space,alien,room,vacuum,aliens,time
rule,law,suck,lead,command,reign
stock,lock,broker,wood,market,trader
weather,cold,rain,hot,warm,storm
chance,luck,lucky,dice,opportunity,last
figure,stick,action,father,hourglass,shape
model,lingerie,bikini,photo,swimsuit,pose
source,open,energy,light,power,satan
beginning,end,ending,middle,start,begining
earth,sky,world,ground,planet,dirt
chicken,egg,eggs,turkey,cock,fried
design,style,intelligent,create,art,graphic
feature,creature,fright,presentation,face,present
material,stuff,fabric,synthetic,substance,edible
purpose,accident,deliberate,all,function,meaning
rock,stone,roll,hard,punk,band
salt,pepper,vinegar,sea,sugar,peppers
act,do,class,perform,play,scene
birth,death,life,pregnancy,labor,baby
dog,cat,bitch,puppy,pet,wolf
object,thing,sharp,subject,blunt,it
scale,fish,weight,richter,weigh,frame
sun,moon,star,yellow,bright,shine
note,music,write,letter,pad,suicide
profit,net,gross,loss,gain,prophet
rent,lease,apartment,let,mortgage,due
speed,fast,run,slow,quick,pace
style,doggy,dog,fashion,hair,life
bank,account,money,teller,loan,river
craft,witch,hover,art,space,mine
half,whole,quarter,full,split,semi
inside,box,outside,in,within,deep
outside,inside,out,step,play,window
standard,gold,std,double,stand,par
bus,ride,school,car,train,rider
exchange,trade,swap,stock,change,foreign
fire,burn,flame,smoke,hell,dragon
position,69,missionary,sex,elevated,elevate
pressure,peer,cooker,blood,stress,under
stress,pressure,strain,tense,anxiety,relief
advantage,privilege,disadvantage,take,plus,virtue
benefit,child,cost,gain,reward,friend
box,litter,jack,lunch,case,juice
frame,picture,door,photo,bed,window
step,side,ladder,dance,up,aside
cycle,bike,menstrual,motor,spin,life
item,thing,object,wondrous,product,line
metal,steel,heavy,iron,wood,chain
paint,art,brush,varnish,artist,draw
review,critic,movie,view,book,preview
screen,computer,tv,movie,monitor,television
structure,building,sentence,order,bone,function
view,room,world,see,look,window
account,bank,savings,check,joint,checking
ball,eye,play,round,tennis,throw
discipline,strict,spank,bondage,punish,disciple
medium,small,size,large,rare,psychic
share,give,plow,care,time,lion
balance,check,account,gymnastics,justice,scale
bit,drill,little,bite,it,fit
black,white,brown,flag,gray,nigger
bottom,top,spank,butt,side,ass
choice,decision,option,choose,selection,weapon
gift,present,wrap,give,box,christmas
impact,deep,sudden,crash,brace,crater
machine,slot,time,fax,washing,robot
shape,fit,figure,form,ship,geometry
tool,wrench,shed,hammer,spanner,instrument
wind,breeze,gone,blow,air,earth
address,name,email,letter,street,e-mail
average,mean,joe,c,mediocre,normal
career,job,profession,work,vocation,occupation
culture,society,race,class,pop,folk
pot,weed,clay,pan,kettle,flower
sign,stop,symbol,street,signal,contract
table,chair,round,time,dinner,desk
task,chore,job,project,difficult,complete
condition,syndrome,disorder,state,mint,pristine
contact,physical,lens,eye,lenses,lense
credit,card,debit,charge,debt,visa
egg,chicken,sperm,easter,hen,nest
hope,wish,faith,pray,love,joy
ice,cream,cold,cool,frozen,freeze
network,food,cartoon,social,dish,fox
north,south,snow,pole,direction,compass
square,circle,round,triangle,cube,box
attempt,try,suicide,effort,fail,trying
date,prom,play,due,rape,dinner
effect,cause,result,affect,butterfly,side
link,chain,zelda,sausage,cuff,connection
post,sign,fence,bed,mail,letter
star,porn,wish,rock,trek,movie
voice,tone,sing,tones,loud,singer
capital,venture,capitol,washington,state,city
challenge,difficult,game,dare,university,hard
self,me,my,esteem,her,alone
shot,gun,sling,cum,mug,flu
brush,paint,hair,teeth,comb,scrub
couple,pair,two,single,together,sex
debate,argue,argument,disagree,discussion,discuss
exit,enter,entrance,entry,leave,out
front,back,behind,side,store,rear
function,junction,form,brain,conjunction,body
lack,deprivation,deprived,black,deprive,without
living,room,dying,kitchen,life,alive
plant,tree,flower,leaf,seed,grow
plastic,bag,wrap,paper,vinyl,container
spot,g,pimple,x,dot,place
summer,spring,winter,hot,vacation,season
taste,smell,flavor,yum,lick,tongue
theme,song,park,scheme,essay,plot
track,train,race,dirt,run,fast
wing,feather,chicken,right,bird,left
brain,mind,head,think,smart,pinky
button,belly,click,cute,press,shirt
click,point,mouse,dick,camera,snap
desire,want,lust,need,will,sexual
foot,hand,toe,leg,feet,shoe
gas,fart,pass,petrol,pump,fuel
influence,control,sway,sphere,power,affect
notice,burn,spot,see,feel,sign
wall,brick,fence,gate,plug,paint
base,ball,acid,station,home,first
damage,brain,hurt,harm,break,accident
distance,long,far,length,mile,afar
feeling,emotion,sensation,gut,touching,love
pair,couple,two,2,duo,both
savings,money,account,daylight,checking,bank
staff,rod,stick,flag,stuff,employee
sugar,sweet,cane,candy,sweets,brown
target,aim,bullseye,miss,on,shoot
text,message,phone,email,book,words
animal,horse,human,party,beast,farm
author,writer,by,write,anonymous,book
budget,finance,deficit,finances,tight,low
discount,sale,coupon,store,cheap,coupons
file,nail,case,rank,x,edit
ground,flat,play,hole,crawl,dirt
lesson,history,class,life,school,plan
officer,police,cop,loan,executive,chief
phase,phrase,fad,moon,phaser,stage
reference,dictionary,word,encyclopedia,cross,source
register,till,cash,counter,enroll,enlist
sky,blue,cloud,clouds,star,stars
stage,play,show,act,theatre,actor
stick,yard,glue,poke,hockey,broom
title,name,deed,song,movie,book
trouble,double,toil,strife,bubble,in
bowl,spoon,toilet,cereal,dish,plate
bridge,london,troll,under,toll,over
campaign,presidential,election,smear,ad,president
character,person,cartoon,flaw,flawed,personality
club,fight,golf,strip,member,glee
edge,rim,sharp,knife,corner,side
evidence,proof,prove,clue,body,dna
fan,ceiling,shit,fiction,cool,fun
letter,word,number,write,chain,scarlet
lock,key,keys,safe,ness,door
maximum,minimum,max,limit,mum,maxi
novel,book,romance,fiction,story,write
option,choice,choose,opt,decision,alternative
pack,fanny,six,back,wolf,leader
park,walk,trailer,amusement,car,south
plenty,enough,lots,more,horn,abundance
quarter,dime,coin,half,25,penny
skin,smooth,sweat,soft,flesh,wax
sort,type,kind,file,variety,organize
weight,height,scale,pound,heavy,pounds
baby,child,cry,pregnant,diaper,birth
background,ground,ethnic,noise,desktop,foreground
carry,bag,basket,load,lift,tote
dish,plate,soap,fish,satellite,side
factor,fear,x,risk,wow,chill
fruit,apple,orange,cherry,strawberry,grape
glass,cup,bottle,window,broken,shot
joint,knee,spliff,elbow,smoke,cigarette
master,lord,slave,glory,dracula,puppet
muscle,strong,bicep,flex,flesh,cramp
red,green,blue,blood,yellow,color
strength,muscle,power,muscles,weakness,strong
traffic,jam,cone,city,stop,yield
trip,road,fall,stumble,vacation,voyage
vegetable,fruit,lettuce,veggie,salad,carrot
appeal,sex,apple,peal,court,sexy
chart,graph,pie,flow,growth,song
gear,shift,scuba,equipment,crank,reverse
ideal,perfect,idea,ideas,real,utopia
kitchen,sink,room,soup,cupboard,counter
land,never,scape,country,disney,ground
log,cabin,fire,wood,yule,dog
net,volleyball,fish,gross,safety,hair
principle,pleasure,principal,dean,school,teacher
relative,cousin,distant,blood,kin,family
sale,for,yard,garage,estate,bake
season,fall,reason,summer,spring,winter
signal,sign,smoke,turn,traffic,radio
spirit,ghost,soul,free,team,evil
street,road,lane,avenue,corner,sesame
tree,wood,christmas,leaf,bush,bark
wave,heat,flag,sound,tide,surf
belt,leather,buckle,seat,chastity,strap
bench,park,seat,work,press,pew
commission,energy,salary,planning,sell,forest
copy,mimic,paste,imitate,print,duplicate
drop,drip,shop,rain,tear,fall
minimum,wage,maximum,max,minim,least
path,way,route,track,trail,road
progress,forward,regress,slow,advance,development
project,science,group,blair,research,witch
sea,ocean,land,deep,fish,shell
south,north,kenny,africa,america,fire
status,prestige,celebrity,quo,relationship,social
stuff,things,sticky,hot,thing,material
ticket,lottery,speed,fine,fee,meal
tour,guide,world,trip,travel,visit
angle,corner,acute,angel,wide,obtuse
blue,red,sky,green,eyes,sad
breakfast,lunch,cereal,eat,food,dinner
confidence,self,trust,esteem,confident,pride
daughter,son,mother,child,father,girl
degree,diploma,college,graduate,angle,university
doctor,nurse,who,house,medicine,dr
dot,spot,polka,period,.,line
dream,sleep,nightmare,wet,wish,fantasy
duty,heavy,jury,job,free,obligation
essay,write,report,paper,writing,paragraph
fee,charge,fine,pay,free,fare
finance,money,fiance,economics,business,economy
juice,orange,water,drink,juicy,milk
limit,speed,sky,rim,time,edge
luck,chance,fortune,good,lady,pot
milk,cheese,cream,cow,cereal,juice
mouth,teeth,nose,tongue,eyes,lips
peace,war,world,dove,rest,justice
pipe,tube,hose,drain,crack,exhaust
seat,chair,toilet,bench,car,sit
stable,steady,horse,stall,barn,sturdy
storm,rain,hurricane,snow,thunder,weather
substance,matter,chemical,compound,illegal,sticky
trick,treat,hat,john,magic,cheap
afternoon,morning,evening,noon,day,nap
bat,baseball,ball,cricket,vampire,hit
beach,sand,shore,tide,coast,surf
blank,point,slate,white,nothing,paper
catch,throw,net,fish,chase,22
chain,link,ball,daisy,whip,key
consideration,thought,consider,thinking,considering,evaluation
cream,ice,whip,vanilla,milk,sour
crew,cast,motley,captain,cabin,ship
detail,explain,describe,gory,graphic,attention
gold,silver,metal,iron,mine,treasure
interview,job,question,vampire,suit,answer
mark,question,book,luke,exclamation,punctuation
match,set,tennis,wrestling,strike,boxing
mission,impossible,quest,destroy,rescue,suicide
pain,hurt,ouch,ache,pleasure,hurts
pleasure,happy,joy,pain,happiness,sex
score,goal,points,four,shoot,point
screw,fuck,cork,thumb,nail,screwdriver
sex,fuck,oral,anal,love,fun
shop,store,mall,photo,pawn,candy
shower,bath,soap,bathroom,towel,rain
suit,birthday,wet,case,swim,tie
tone,voice,ring,dial,skin,pitch
window,door,glass,pane,curtain,view
agent,travel,spy,secret,fbi,estate
band,rubber,rock,aid,metal,brass
block,cock,cell,road,around,apartment
bone,dog,skull,broken,funny,break
calendar,event,month,date,year,calender
cap,hat,knee,lid,dunce,bottle
coat,fur,jacket,lab,hat,rain
contest,competition,beauty,t-shirt,essay,bikini
corner,around,street,prostitute,edge,turn
court,judge,jester,tennis,trial,justice
cup,tea,glass,mug,coffee,plate
district,dc,d.c.,lake,red,washington
east,west,south,coast,wind,north
finger,ring,hand,point,thumb,nail
garage,sale,car,house,shed,parking
guarantee,warranty,assurance,promise,ensure,satisfaction
hole,ass,butt,pit,key,arse
hook,fish,captain,sinker,crook,fishing
implement,tool,writing,pen,farm,pencil
layer,ozone,brick,cake,outer,bricks
lecture,boring,speech,professor,class,lecturer
lie,lay,truth,cheat,promise,fib
manner,please,bedside,demeanor,man,way
meeting,greeting,encounter,chance,assembly,greetings
nose,face,snot,eyes,smell,pick
parking,lot,lots,garage,meter,car
partner,mate,sexual,sex,lover,howdy
profile,side,face,low,racial,silhouette
respect,honor,admire,mutual,self,honour
rice,grain,corn,pudding,beans,nice
routine,habit,exercise,daily,habits,everyday
schedule,busy,guide,planner,plan,appointment
swimming,pool,fun,diving,night,water
telephone,phone,call,ring,wire,operator
tip,point,finger,top,felt,waiter
winter,summer,cold,fall,spring,snow
airline,virgin,flight,line,stewardess,delta
bag,tea,sack,douche,scum,plastic
battle,fight,war,fighting,ship,ground
bed,room,sleep,sheet,pillow,sheets
bill,kill,dollar,clinton,gates,due
bother,annoy,why,pester,annoying,bug
cake,pie,chocolate,dessert,bake,birthday
code,dress,zip,morse,source,area
curve,line,s,bend,learning,straight
designer,clothes,design,fashion,clothing,architect
dimension,portal,3d,space,time,realm
dress,gown,skirt,robe,clothes,long
ease,comfort,relax,disease,please,easy
emergency,ambulance,er,hospital,exit,help
evening,morning,afternoon,night,day,dusk
extension,hair,cord,penis,file,ladder
farm,animal,barn,cow,ranch,ant
fight,sword,war,food,pillow,fist
gap,bridge,wide,hole,chasm,blank
grade,first,school,class,test,mark
holiday,christmas,vacation,halloween,trip,thanksgiving
horror,terror,scary,scream,shock,rocky
horse,ride,zebra,rider,pony,donkey
host,guest,ghost,radio,parasite,hostess
husband,wife,spouse,ex,love,man
loan,debt,bank,shark,lend,savings
mistake,error,wrong,oops,err,accident
mountain,hill,climb,dew,peak,volcano
nail,hammer,screw,finger,toe,thumb
noise,sound,loud,silence,racket,sounds
occasion,joyous,event,special,festive,rise
package,parcel,care,box,delivery,deliver
patient,doctor,mental,wait,hospital,english
pause,wait,play,pregnant,stop,delay
phrase,word,preposition,catch,coin,sentence
proof,evidence,certificate,bullet,sound,idiot
race,run,horse,track,car,derby
relief,pain,stress,sigh,comic,phew
sand,beach,desert,grain,dune,shore
sentence,word,prison,phrase,words,jail
shoulder,purse,head,arm,chip,cold
smoke,pipe,cigarette,weed,pot,cigar
stomach,full,belly,tummy,ache,gut
string,guitar,rope,violin,g,kite
tourist,guide,visit,tour,foreign,travel
towel,dry,paper,wet,beach,cloth
vacation,trip,holiday,summer,travel,away
west,east,wild,north,south,coast
wheel,tire,wagon,car,ferris,water
wine,beer,champagne,red,glass,grape
arm,leg,hand,wrist,elbow,limb
aside,step,cast,put,besides,left
associate,friend,word,business,colleague,association
bet,gamble,let,set,wager,alpha
blow,wind,job,suck,whistle,horn
border,mexico,mexican,south,edge,perimeter
branch,tree,stick,twig,limb,leaf
breast,chicken,chest,nipple,tit,milk
brother,sister,sibling,family,son,bother
buddy,friend,pal,fuck,chum,bud
bunch,brady,a,group,munch,flowers
chip,dip,potato,chocolate,wood,computer
coach,stage,voice,train,slow,football
cross,bridge,jesus,line,crucifix,christ
document,paper,file,legal,form,sign
draft,draught,beer,daft,back,rough
dust,powder,ashes,ash,speck,fairy
expert,computer,pro,professional,master,novice
floor,ceiling,ground,wall,mop,sweep
god,spirit,jesus,lord,goddess,dog
golf,hole,putt,club,fore,tee
habit,routine,nun,annoying,bad,rabbit
iron,steel,metal,pump,ore,press
judge,jury,court,judy,justice,law
knife,cut,sharp,stab,blade,fork
landscape,scape,view,scenery,portrait,scene
league,justice,ivy,football,bush,extraordinary
mail,letter,post,chain,junk,stamp
mess,clutter,wreck,chaos,spill,sticky
native,indian,indians,american,aborigine,aboriginal
opening,vagina,vacancy,hole,door,grand
pattern,stripes,stripe,spots,striped,floral
pin,prick,needle,tack,stick,cushion
pool,swim,swimming,beach,lake,water
pound,ounce,dog,ton,ground,dollar
request,ask,please,demand,quest,order
salary,wage,pay,wages,income,job
shame,name,blame,game,lame,guilt
shelter,homeless,bomb,house,animal,home
shoe,sock,foot,horse,boot,feet
silver,gold,golden,screen,sterling,metal
tackle,bait,fishing,football,fish,block
tank,fish,think,gas,oxygen,full
trust,bank,friend,faith,worthy,love
assist,help,aid,aide,abet,helper
bake,cake,oven,shake,cook,flour
bar,chocolate,pub,granola,snickers,candy
bell,taco,ring,cow,door,school
bike,ride,cycle,pedal,car,motorcycle
blame,name,fault,shame,game,canada
boy,girl,man,baby,bad,scout
brick,wall,block,house,yellow,stone
chair,table,desk,seat,sit,furniture
closet,out,linen,clothes,hanger,wardrobe
clue,hint,blue,mystery,find,detective
collar,dog,shirt,leash,priest,polo
comment,remark,witty,say,snide,sly
conference,meeting,press,video,summit,forum
devil,evil,satan,demon,hell,angel
diet,coke,healthy,fat,food,nutrition
fear,scary,scared,feeling,fright,emotion
fuel,gas,petrol,diesel,station,gasoline
glove,hand,mitt,baseball,mit,boxing
jacket,coat,leather,sweater,jumper,suit
lunch,dinner,breakfast,eat,supper,brunch
monitor,computer,screen,hall,keyboard,pc
mortgage,due,loan,payment,house,rent
nurse,doctor,hospital,lactate,scrub,dr
pace,snail,slow,brisk,race,fast
panic,anxiety,fear,nervous,attack,anxious
peak,mountain,summit,sneak,crest,climax
plane,line,jet,flight,fly,air
reward,punishment,punish,award,prize,risk
row,skid,boat,death,oar,hedge
sandwich,club,ham,lunch,bread,cheese
shock,electric,electricity,zap,after,surprise
spite,hate,spit,despite,hateful,malice
spray,hair,deodorant,pepper,bug,foam
surprise,wow,shock,innocence,oh,party
till,soil,still,counter,shop,register
transition,smooth,change,death,transitive,transit
weekend,friday,saturday,weekday,week,wet
welcome,gone,forever,thanks,help,harvest
yard,school,barn,scotland,junk,grave
alarm,clock,smoke,snooze,fire,burglar
bend,river,knee,around,knees,end
bicycle,cycle,bike,tricycle,pedal,ride
bite,nibble,teeth,snake,mosquito,shark
blind,deaf,date,color,sight,see
bottle,water,message,baby,genie,spin
cable,wire,tv,larry,jumper,ethernet
candle,wick,wax,flame,light,lit
clerk,store,grocery,cleric,office,county
concert,live,ticket,rock,concerto,show
counter,kitchen,table,wipe,bean,surface
flower,rose,vase,daisy,garden,lily
grandfather,grandmother,grandpa,clock,pa,grandad
harm,hurt,arm,self,farm,injury
knee,elbow,scrape,leg,joint,ankle
lawyer,law,attorney,prosecute,legal,judge
leather,jacket,suede,lace,whip,wallet
load,wide,work,heavy,truck,dump
mirror,glass,reflection,reflect,look,vain
neck,scarf,tie,collar,head,giraffe
pension,pensioner,retire,old,scheme,age
plate,dish,dinner,bowl,china,home
purple,violet,blue,velvet,pink,color
ruin,destroy,destruction,demolish,wreck,spoil
ship,boat,cruise,pirate,deck,space
skirt,dress,blouse,mini,shirt,pants
slice,cut,knife,pizza,bread,pie
snow,white,winter,ski,cold,rain
specialist,doctor,expert,needs,physician,proctologist
stroke,caress,pet,brush,swim,rub
switch,light,off,on,blade,lights
trash,rubbish,garbage,bin,waste,junk
tune,song,music,melody,hum,piano
zone,war,twilight,comfort,danger,area
anger,rage,wrath,fury,hate,temper
award,prize,trophy,honor,oscar,won
bid,auction,sid,adieu,lid,kid
bitter,sour,sweet,taste,tart,coffee
boot,shoe,italy,trunk,car,kick
bug,insect,fly,worm,snug,beetle
camp,tent,fire,boot,base,band
candy,chocolate,sweet,sweets,bar,treat
carpet,rug,shag,floor,red,munch
cat,dog,pussy,kitty,cute,kitten
champion,champ,winner,win,victory,won
channel,tv,discovery,weather,history,television
clock,time,alarm,watch,tick,times
comfort,home,blanket,bed,warm,creature
cow,pig,milk,moo,bull,brown
crack,cocaine,butt,heroin,ass,drugs
engineer,engine,conductor,civil,train,mechanic
entrance,exit,enter,entry,door,gate
fault,blame,error,mistake,earthquake,accident
grass,green,field,lawn,straw,hay
hell,heaven,damn,bloody,devil,heck
highlight,light,marker,point,underline,quote
incident,accident,isolated,event,curious,occurrence
island,lost,hawaii,land,fantasy,desert
joke,funny,laugh,humor,butt,kid
jury,judge,trial,court,verdict,panel
leg,arm,foot,knee,ankle,thigh
lip,gloss,balm,smack,mouth,pout
mate,check,room,friend,soul,ship
motor,engine,cycle,car,vroom,vehicle
nerve,pinch,clit,center,clitoris,brain
passage,rite,narrow,nasal,hall,verdant
pen,paper,pencil,ink,write,writing
pride,sin,greed,gay,prejudice,envy
priest,nun,vicar,rabbi,bishop,minister
prize,award,reward,win,won,trophy
promise,swear,lie,vow,oath,vows
resident,dweller,evil,president,citizen,occupant
resort,vacation,ski,spa,marriott,destination
ring,bell,diamond,phone,gold,finger
roof,house,ceiling,floor,tin,fiddle
rope,jump,string,knot,skip,tight
sail,ship,boat,mast,yacht,ships
scheme,plan,plot,pyramid,vacation,rhyme
script,java,write,movie,play,post
sock,shoe,rock,foot,drawer,stocking
station,radio,train,gas,play,space
toe,foot,finger,head,feet,heel
tower,eiffel,clock,skyscraper,pisa,bell
truck,car,fire,van,load,dump
witness,jehovah,eye,testimony,false,silent
a,the,b,c,e,x
you,me,fuck,i,for,with
it,do,tag,the,is,thing
can,tin,trash,spray,we,possible
will,when,wont,smith,can,i
if,what,as,and,but,of
one,two,number,only,five,zero
many,few,lots,much,some,lot
most,least,record,ever,all,more
other,else,same,each,none,or
use,force,deodorant,condom,spend,function
make,create,build,love,do,produce
good,bad,evil,great,well,nice
look,see,view,eyes,watch,find
help,aid,support,aide,assist,please
go,stop,leave,come,to,away
great,awesome,good,fine,britain,grand
being,human,be,well,supreme,entity
few,many,some,chosen,lots,less
might,power,strength,fight,maybe,could
still,stand,remain,sit,remains,standing
public,private,pubic,statement,scandal,pub
read,book,write,study,books,newspaper
keep,hold,find,save,continue,store
start,stop,finish,end,begin,beginning
give,take,head,receive,get,share
human,person,animal,being,ape,people
local,foreign,yokel,locale,area,national
general,special,specific,attorney,admiral,lee
she,he,her,female,shebang,said
specific,vague,general,gender,pacific,concrete
long,hair,short,legs,length,life
play,fun,work,game,pass,games
feel,touch,heart,grope,sense,taste
high,low,jump,up,fly,five
tonight,entertainment,today,night,sleeps,wonderful
put,stay,shot,place,out,staying
common,rare,sense,commonwealth,smith,uncommon
set,stage,swing,tv,ready,television
simple,complex,easy,plain,complicated,basic
past,time,future,present,yesterday,history
big,little,small,large,huge,size
possible,maybe,impossible,if,kim,could
particular,concrete,specific,peculiar,certain,special
today,yesterday,tomorrow,tonight,day,soon
major,minor,captain,colonel,sergeant,general
personal,pc,possession,possessions,private,identity
current,flow,electric,affair,wind,electricity
national,velvet,nation,anthem,park,association
cut,knife,slice,paper,hair,scissors
natural,nature,disaster,gas,super,unnatural
physical,science,mental,chemistry,chemical,scientist
show,tv,television,freak,game,movie
try,attempt,again,effort,test,nice
check,pay,cheque,mate,blank,spell
second,first,minute,third,coming,time
call,phone,telephone,booty,close,name
move,still,shake,dance,away,go
pay,bill,rent,price,bills,attention
let,release,be,allow,live,drop
increase,decrease,reduce,grow,more,gain
single,one,double,alone,triple,multiple
individual,person,unique,self,me,single
turn,twist,spin,page,knob,wrong
ask,question,request,why,please,offer
buy,store,shop,purchase,sell,by
guard,life,prison,security,crossing,safe
hold,handle,grab,have,choke,keep
main,spanish,street,squeeze,principal,chow
offer,job,cheap,kind,give,reward
potential,energy,kinetic,essential,child,full
professional,pro,expert,leon,profession,amateur
international,national,nations,global,affair,passport
travel,vacation,time,trip,road,space
cook,fry,chef,bake,kitchen,grill
alternative,lifestyle,other,music,different,or
following,next,after,leading,preceding,cult
special,general,delivery,effect,olympics,unique
working,class,employed,work,job,unemployed
whole,ass,butt,half,asshole,part
dance,lap,song,club,tap,line
excuse,pardon,lame,reason,sorry,late
cold,hot,ice,warm,cool,freezing
commercial,ad,jingle,advertisement,preview,tv
low,high,level,down,lo,hi
purchase,buy,store,louisiana,sale,sell
deal,big,cope,meal,bargain,real
primary,school,secondary,colors,first,education
worth,value,net,butter,self,less
fall,drop,rise,trip,slip,water
necessary,unnecessary,essential,need,important,needed
positive,negative,yes,sure,proof,affirmative
produce,make,fresh,product,products,production
search,job,find,google,query,quest
present,gift,past,time,future,now
spend,money,shop,save,buy,pay
talk,speak,walk,pillow,say,chat
creative,original,brainstorm,art,intelligent,artist
tell,show,kiss,ask,lie,william
cost,price,free,expense,value,expensive
drive,car,sex,road,steer,park
green,grass,blue,red,yellow,money
support,life,bra,welfare,child,help
glad,happy,sad,mad,gladness,bad
remove,stain,delete,clothes,erase,extract
return,back,leave,enter,point,jedi
run,walk,race,chase,hit,jog
complex,simple,apartment,industrial,god,sophisticated
due,past,payment,do,process,rent
effective,cost,effect,efficient,effects,ineffective
middle,center,finger,central,centre,elementary
regular,donor,exercise,normal,often,standard
reserve,book,room,federal,nature,vacation
independent,dependent,free,indie,film,individual
leave,depart,go,exit,stay,enter
original,sin,unique,origin,new,authentic
reach,far,orgasm,stretch,goal,top
rest,relax,sleep,bed,nap,arm
serve,protect,dinner,dish,first,waiter
watch,clock,time,wrist,movie,tv
beautiful,pretty,lovely,gorgeous,america,ugly
charge,large,fee,battery,free,charles
active,hyper,exercise,lively,vibrant,lazy
break,snap,day,prison,heart,fracture
negative,positive,no,affirmative,not,zero
safe,vault,secure,home,haven,condom
stay,away,go,leave,remain,sit
visit,hospital,house,doctor,travel,place
visual,art,audio,vision,arts,eyes
affect,effect,cause,effects,emotion,defect
cover,blanket,duvet,book,lid,duck
report,news,weather,crime,oral,book
rise,fall,sun,yeast,up,high
walk,dog,run,park,dogs,board
white,black,snow,teeth,red,milk
beyond,above,infinity,yonder,oasis,infinite
junior,senior,jr,sophomore,school,freshman
pick,nose,scab,ice,choose,lock
unique,singular,different,special,rare,original
anything,something,whatever,everything,goes,nothing
classic,vintage,literature,class,rock,music
final,last,end,exam,death,ultimate
lift,elevator,face,weights,ski,shop
mix,trail,stir,blend,cake,pick
private,public,personal,detective,property,vagina
stop,go,start,sign,bus,pause
teach,learn,educate,lesson,school,train
western,country,eastern,cowboy,spaghetti,west
concern,care,worry,whom,age,about
familiar,similar,unfamiliar,family,known,strange
fly,bird,wings,wing,kite,airplane
official,government,officer,elected,of,office
broad,wide,narrow,dame,shoulders,dumb
comfortable,comfy,cozy,bed,uncomfortable,warm
gain,loss,pain,lose,weight,get
maybe,perhaps,yes,no,yeah,definitely
rich,poor,money,wealthy,wealth,luxury
save,rescue,spend,money,keep,reserve
stand,sit,lemonade,band,hat,we
young,old,forever,youth,die,child
fail,pass,test,try,succeed,f
heavy,weight,metal,load,light,duty
hello,hi,goodbye,bye,greeting,greet
lead,follow,pencil,graphite,led,pipe
listen,speak,hear,talk,music,ears
valuable,precious,treasure,worthy,priceless,value
worry,hurry,concern,anxiety,fear,fuss
handle,door,knob,broom,pan,axe
leading,following,cheer,blind,ahead,leader
meet,greet,track,encounter,meat,stranger
release,press,catch,hold,free,relief
sell,buy,purchase,sale,shop,product
finish,start,end,done,complete,race
normal,abnormal,average,weird,freak,ordinary
press,button,bench,iron,print,play
ride,horse,bike,bus,car,sleigh
secret,victoria,spy,agent,whisper,tell
spread,legs,bed,butter,apart,virus
spring,summer,fall,winter,season,break
tough,rough,hard,strong,tender,enough
wait,delay,long,line,queue,patient
brown,hair,chocolate,eyes,charlie,bear
deep,ocean,throat,shallow,hole,well
display,show,exhibit,public,fireworks,art
flow,river,squirt,ebb,stream,water
hit,punch,strike,kick,beat,smack
objective,subjective,goal,object,adjective,aim
shoot,gun,guns,crap,shot,photo
touch,feel,soft,gentle,finger,fondle
cancel,void,schedule,negate,ok,quit
chemical,reaction,chemistry,element,warfare,h2o
cry,laugh,tears,baby,sad,weep
dump,truck,waste,shit,load,hump
extreme,very,drastic,radical,intense,extremity
push,pull,button,press,shove,force
conflict,strife,war,resolve,fight,clash
eat,food,mouth,hungry,feed,swallow
fill,land,stuff,full,hole,form
formal,dress,suit,casual,attire,tie
jump,hop,leap,skip,run,frog
kick,punch,punt,drop,ball,ass
opposite,sex,different,same,contrary,not
pass,fail,test,by,play,time
pitch,fever,tent,black,throw,fork
remote,control,tv,click,television,controller
total,sum,complete,amount,all,net
treat,trick,tasty,sweet,dutch,taste
vast,ocean,immense,huge,space,big
abuse,child,drug,verbal,substance,use
beat,heart,drum,rhythm,drums,hit
burn,fire,crash,sun,hot,flame
deposit,safe,bank,withdraw,withdrawal,check
print,paw,newspaper,leopard,edit,copy
raise,lift,rise,elevate,price,up
sleep,bed,dream,rest,nap,tired
somewhere,anywhere,nowhere,go,going,someone
advance,forward,cash,progress,technology,go
anywhere,somewhere,everywhere,nowhere,where,go
consist,assist,blackhead,care,complete,components
dark,light,night,black,bright,lights
double,single,trouble,chin,two,triple
draw,line,quick,sketch,doodle,scribble
equal,even,same,fair,peer,equation
fix,repair,broken,break,mend,broke
hire,employ,fire,car,rent,van
internal,external,inside,eternal,organs,within
join,club,together,joint,connect,participate
kill,murder,slaughter,die,road,slay
sensitive,case,hyper,clit,emotional,clitoris
tap,water,wire,faucet,drip,sink
win,lose,race,lottery,game,victory
attack,heart,shark,panic,defense,anxiety
claim,statement,say,insurance,stake,proclaim
constant,vowel,always,change,variable,steady
drag,queen,pull,race,click,fag
drink,water,food,eat,bar,beer
guess,who,estimate,clue,hypothesis,yes
minor,major,slight,asia,underage,ursa
pull,push,tug,yank,finger,wagon
raw,sushi,war,cooked,meat,red
soft,hard,loud,skin,pillow,pad
solid,liquid,rock,hard,frozen,firm
wear,under,clothes,clothing,formal,hat
weird,strange,freak,odd,queer,bizarre
wonder,why,boy,ponder,woman,awe
annual,year,yearly,years,perennial,leave
count,dracula,sperm,number,sheep,numbers
dead,alive,grave,living,death,die
doubt,query,reason,thomas,sure,unsure
feed,food,breast,spoon,fed,eat
forever,always,together,eternity,eternal,ever
impress,dress,empress,wow,press,amaze
nobody,no,everyone,everybody,somebody,none
repeat,again,rinse,what,ditto,parrot
round,circle,ball,wheel,flat,world
sing,song,dance,voice,choir,hum
slide,swing,slip,side,swings,water
strip,comic,tease,club,landing,poker
whereas,as,therefore,where,wheres,albeit
wish,well,death,yearn,desire,hope
combine,mix,join,tractor,with,harvest
command,order,obey,chain,demand,conquer
dig,hole,shovel,spade,tunnel,dug
divide,multiply,subtract,share,add,division
equivalent,equal,equals,clitoris,same,comparable
hang,rope,noose,sling,clothes,cliff
hunt,deer,witch,stalk,duck,fox
initial,first,middle,name,sign,1st
march,february,forward,parade,april,june
mention,fore,honorable,state,said,say
smell,stink,smelly,scent,fart,odor
spiritual,spirit,warfare,path,physical,bible
survey,poll,questionnaire,surrey,census,purvey
tie,rope,knot,suit,bow,string
adult,child,kid,baby,grow,grown
brief,case,pelican,boxer,legal,encounter
crazy,psycho,wild,insane,mad,lunatic
escape,fire,dodge,scape,flee,prison
gather,collect,together,hunt,group,family
hate,love,like,loathe,dislike,despise
prior,before,previous,pryor,previously,richard
repair,fix,mend,break,car,mechanic
rough,smooth,tough,diamond,sex,roughness
sad,happy,cry,depressed,lonely,blue
scratch,itch,claw,back,claws,sniff
sick,ill,vomit,gross,flu,fever
strike,hit,lightning,hunger,out,blow
employ,job,hire,work,use,destroy
external,internal,eternal,outside,out,exterior
hurt,pain,ouch,wound,harm,injury
illegal,legal,drugs,alien,aliens,crime
laugh,funny,giggle,joke,ha,tickle
lay,lie,play,egg,bed,easy
mobile,auto,phone,snow,telephone,cellphone
nasty,gross,mean,yuck,ugly,ew
ordinary,plain,average,extraordinary,common,regular
respond,reply,answer,question,response,react
royal,crown,regal,rocker,purple,gorge
senior,junior,sr,citizen,old,elderly
split,banana,divide,apart,crack,divorce
strain,stress,sprain,muscle,stain,brain
struggle,class,power,fight,effort,strife
swim,pool,fish,drown,dive,water
train,station,rail,railroad,engine,wagon
upper,lower,class,up,stiff,downer
wash,soap,car,clean,mouth,dishes
yellow,red,green,blue,orange,purple
convert,evangelist,change,convent,convertible,covert
crash,plane,car,smash,airplane,accident
dependent,independent,clause,child,addict,needy
fold,blind,crease,origami,napkin,ten
funny,joke,comedy,fun,laugh,clown
grab,snatch,take,hold,smash,reach
hide,run,shadow,cover,seek,shadows
miss,hit,mister,mr,kiss,america
permit,allow,let,building,license,learner
quote,phrase,shakespeare,said,quoth,saying
recover,heal,lose,rest,better,rehab
resolve,solve,problem,solution,conflict,fight
roll,rock,wheel,dice,wheels,ball
sink,kitchen,drain,swim,float,titanic
slip,slide,fall,slippery,knot,permission
spare,ribs,change,strike,room,parts
suspect,prime,know,victim,murder,crime
sweet,sugar,candy,cake,bitter,honey
swing,slide,park,golf,rope,mood
twist,bend,turn,oliver,shout,dance
upstairs,stairs,downstairs,attic,up,loft
usual,unusual,business,typical,suspect,normal
abroad,home,travel,trip,going,idiot
brave,courage,bold,courageous,scotland,america
calm,peace,peaceful,relax,still,cool
concentrate,pulp,focus,attention,think,concrete
estimate,guess,approximately,approximate,about,est
grand,great,canyon,rio,piano,large
male,female,sex,man,gender,penis
mine,yours,everything,your,keep,me
prompt,command,punctual,cue,tip,answer
quiet,loud,whisper,silent,quite,silence
refuse,no,deny,decline,offer,wont
regret,sorry,rue,remorse,egret,mistake
reveal,display,show,expose,conceal,uncover
rush,gold,bum,hurry,quick,sugar
shake,hand,milk,rattle,quiver,protein
shift,stick,gear,shape,night,move
shine,sun,star,polish,rise,sparkle
steal,rob,take,thief,snatch,borrow
suck,lick,yuck,fuck,you,blow
surround,encircle,around,sound,encompass,stereo
anybody,somebody,nobody,anyone,everybody,any
bear,teddy,koala,panda,pooh,polar
brilliant,genius,great,bright,smart,idea
dare,truth,challenge,true,devil,or
dear,expensive,john,oh,deer,dearest
delay,procrastinate,time,wait,stall,decay
drunk,drink,beer,alcohol,wine,punch
female,male,woman,girl,sex,women
hurry,rush,quick,haste,quickly,now
inevitable,death,change,die,fate,dead
invite,lunch,party,guest,welcome,come
kiss,lips,hug,french,lip,mouth
neat,nice,tidy,clean,cool,freak
pop,rock,song,soda,music,lolly
punch,hit,fist,fight,kick,slap
quit,stop,cease,quilt,end,finish
reply,answer,respond,response,question,email
representative,rep,senator,senate,congress,sales
resist,desist,refuse,desisted,fight,against
rip,tear,torn,tide,shred,cut
rub,back,belly,clit,stroke,massage
silly,stupid,funny,goofy,willy,dumb
smile,happy,frown,grin,laugh,face
spell,magic,witch,curse,word,potion
stretch,reach,elastic,long,yoga,limo
stupid,dumb,idiot,smart,silly,ignorant
tear,rip,cry,wear,sad,drop
temporary,permanent,temp,tempo,pain,forever
tomorrow,today,yesterday,tonight,future,later
wake,sleep,alarm,rise,morning,dream
wrap,gift,scarf,plastic,shrink,rap
yesterday,today,tomorrow,when,before,tonight
